END_TIME,M_TMSI,POS_LAST_LON,POS_LAST_LAT
2017-11-13 12:53:49,C020AEBD,11.558139,48.102061
2017-11-13 12:54:21,C020AEBD,11.557347,48.102176
2017-11-13 12:55:35,C020AEBD,11.554643,48.099852
2017-11-13 12:55:55,C020AEBD,11.559246,48.099049
2017-11-13 12:56:24,C020AEBD,11.559256,48.098769
2017-11-13 12:56:39,C020AEBD,11.559191,48.098996
2017-11-13 12:56:49,C020AEBD,11.559029,48.099175
2017-11-13 12:57:07,C020AEBD,11.558799,48.098782
2017-11-13 12:57:39,C020AEBD,11.558861,48.098965
2017-11-13 12:58:54,C020AEBD,11.558304,48.099763
2017-11-13 12:59:10,C020AEBD,11.558001,48.099536
2017-11-13 13:51:47,C026E567,11.568357,48.188752
2017-11-13 13:52:10,C026E567,11.569391,48.188347
2017-11-13 17:25:50,C0881094,11.493562,48.130599
2017-11-13 17:26:28,C0881094,11.496902,48.12781
2017-11-13 17:27:24,C0881094,11.495585,48.127235
2017-11-13 17:28:44,C0881094,11.495857,48.130484
2017-11-13 17:31:10,C0881094,11.493911,48.131172
2017-11-13 17:31:33,C0881094,11.492997,48.128973
2017-11-13 17:31:56,C0881094,11.493409,48.128157
2017-11-13 17:32:24,C0881094,11.493633,48.13058
2017-11-13 17:33:18,C0881094,11.496374,48.130292
2017-11-13 17:34:07,C0881094,11.494774,48.126689
2017-11-13 17:35:12,C0881094,11.496897,48.127654
2017-11-13 17:35:43,C0881094,11.497568,48.130421
2017-11-13 17:36:24,C0881094,11.495267,48.130769
2017-11-13 17:36:46,C0881094,11.492221,48.129515
2017-11-13 17:37:26,C0881094,11.496693,48.128592
2017-11-13 17:37:55,C0881094,11.492715,48.129756
2017-11-13 17:38:29,C0881094,11.495202,48.131287
2017-11-13 17:39:19,C0881094,11.49325,48.127743
2017-11-13 17:39:43,C0881094,11.493311,48.12784
2017-11-13 17:40:02,C0881094,11.494277,48.127831
2017-11-13 17:40:16,C0881094,11.495073,48.127285
2017-11-13 17:40:49,C0881094,11.497409,48.128059
2017-11-13 17:41:16,C0881094,11.495832,48.131237
2017-11-13 17:41:47,C0881094,11.492507,48.128681
2017-11-13 17:42:02,C0881094,11.495657,48.131302
2017-11-13 17:43:49,C0881094,11.494353,48.131213
2017-11-13 17:44:41,C0881094,11.497125,48.127888
2017-11-13 17:45:05,C0881094,11.496471,48.131102
2017-11-13 17:45:43,C0881094,11.49528,48.127478
2017-11-13 17:46:12,C0881094,11.494991,48.128886
2017-11-13 17:46:46,C0881094,11.493812,48.131187
2017-11-13 07:49:01,C129A36A,11.558792,48.098888
2017-11-13 07:50:29,C129A36A,11.559495,48.099006
2017-11-13 07:50:41,C129A36A,11.549104,48.099574
2017-11-13 15:02:58,C31040DA,11.477024,48.217788
2017-11-13 15:06:12,C31040DA,11.476501,48.217705
2017-11-13 15:11:45,C31040DA,11.4766,48.217334
2017-11-13 15:15:32,C31040DA,11.476621,48.217544
2017-11-13 15:19:42,C31040DA,11.475866,48.217367
2017-11-13 15:20:35,C31040DA,11.477317,48.217157
2017-11-13 15:25:42,C31040DA,11.476592,48.217652
2017-11-13 08:12:30,C4198E15,11.49999,48.174235
2017-11-13 19:05:37,C52F0A8A,11.624661,48.133622
2017-11-13 19:10:38,C52F0A8A,11.624675,48.133577
2017-11-13 19:12:07,C52F0A8A,11.624659,48.133676
2017-11-13 19:12:19,C52F0A8A,11.624661,48.133621
2017-11-13 19:13:21,C52F0A8A,11.624661,48.133622
2017-11-13 19:14:20,C52F0A8A,11.624661,48.133622
2017-11-13 19:15:21,C52F0A8A,11.624659,48.133676
2017-11-13 19:15:40,C52F0A8A,11.624809,48.133974
2017-11-13 19:16:19,C52F0A8A,11.624667,48.13368
2017-11-13 19:17:11,C52F0A8A,11.624666,48.133645
2017-11-13 19:17:58,C52F0A8A,11.624704,48.13363
2017-11-13 19:20:42,C52F0A8A,11.624696,48.133625
2017-11-13 19:25:43,C52F0A8A,11.624702,48.133572
2017-11-13 19:26:50,C52F0A8A,11.624696,48.133625
2017-11-13 19:27:07,C52F0A8A,11.624688,48.133671
2017-11-13 19:29:44,C52F0A8A,11.624702,48.133572
2017-11-13 19:30:44,C52F0A8A,11.624683,48.133606
2017-11-13 15:47:09,C52F0A8A,11.624683,48.133633
2017-11-13 15:48:10,C52F0A8A,11.624658,48.133669
2017-11-13 15:49:10,C52F0A8A,11.624689,48.133583
2017-11-13 15:49:39,C52F0A8A,11.624532,48.133292
2017-11-13 15:50:11,C52F0A8A,11.624668,48.133621
2017-11-13 15:51:09,C52F0A8A,11.625391,48.135365
2017-11-13 15:54:41,C52F0A8A,11.624799,48.133889
2017-11-13 15:57:10,C52F0A8A,11.624658,48.133669
2017-11-13 15:59:43,C52F0A8A,11.624675,48.133628
2017-11-13 16:02:18,C52F0A8A,11.624644,48.133599
2017-11-13 16:04:43,C52F0A8A,11.624649,48.133613
2017-11-13 16:07:24,C52F0A8A,11.624669,48.133637
2017-11-13 16:09:46,C52F0A8A,11.624642,48.133581
2017-11-13 16:14:48,C52F0A8A,11.624669,48.133578
2017-11-13 16:15:52,C52F0A8A,11.624661,48.133631
2017-11-13 16:19:47,C52F0A8A,11.624702,48.133668
2017-11-13 16:24:48,C52F0A8A,11.624703,48.133614
2017-11-13 16:27:10,C52F0A8A,11.624694,48.133662
2017-11-13 16:29:52,C52F0A8A,11.624691,48.13359
2017-11-13 16:34:52,C52F0A8A,11.62471,48.133613
2017-11-13 16:39:53,C52F0A8A,11.624709,48.133667
2017-11-13 16:42:08,C52F0A8A,11.62471,48.133613
2017-11-13 16:44:55,C52F0A8A,11.624717,48.133621
2017-11-13 16:47:08,C52F0A8A,11.624682,48.133618
2017-11-13 16:47:19,C52F0A8A,11.624651,48.133593
2017-11-13 16:48:20,C52F0A8A,11.624659,48.133647
2017-11-13 16:49:20,C52F0A8A,11.624672,48.133666
2017-11-13 16:49:58,C52F0A8A,11.624671,48.133594
2017-11-13 16:50:22,C52F0A8A,11.624665,48.133658
2017-11-13 16:51:00,C52F0A8A,11.624682,48.133618
2017-11-13 16:51:20,C52F0A8A,11.624689,48.133676
2017-11-13 16:52:12,C52F0A8A,11.624676,48.133608
2017-11-13 16:54:58,C52F0A8A,11.624682,48.133618
2017-11-13 16:57:07,C52F0A8A,11.624538,48.133284
2017-11-13 16:59:59,C52F0A8A,11.624817,48.133947
2017-11-13 17:02:17,C52F0A8A,11.624683,48.133634
2017-11-13 17:05:00,C52F0A8A,11.624674,48.133679
2017-11-13 17:07:22,C52F0A8A,11.624672,48.133553
2017-11-13 17:08:22,C52F0A8A,11.624658,48.133669
2017-11-13 17:10:04,C52F0A8A,11.624662,48.13361
2017-11-13 17:12:09,C52F0A8A,11.624668,48.133621
2017-11-13 17:15:04,C52F0A8A,11.624662,48.13361
2017-11-13 17:17:08,C52F0A8A,11.625388,48.135398
2017-11-13 17:20:06,C52F0A8A,11.624682,48.133626
2017-11-13 17:22:29,C52F0A8A,11.624648,48.133634
2017-11-13 17:25:08,C52F0A8A,11.624665,48.133667
2017-11-13 17:26:07,C52F0A8A,11.624675,48.133619
2017-11-13 17:27:07,C52F0A8A,11.624675,48.133619
2017-11-13 17:30:08,C52F0A8A,11.624682,48.133626
2017-11-13 17:32:18,C52F0A8A,11.624711,48.133546
2017-11-13 17:35:09,C52F0A8A,11.62471,48.133613
2017-11-13 17:37:17,C52F0A8A,11.624726,48.133626
2017-11-13 17:40:13,C52F0A8A,11.624723,48.133569
2017-11-13 17:45:12,C52F0A8A,11.624701,48.133661
2017-11-13 17:50:14,C52F0A8A,11.624668,48.133517
2017-11-13 17:55:15,C52F0A8A,11.624683,48.133633
2017-11-13 18:00:17,C52F0A8A,11.624651,48.13366
2017-11-13 18:01:39,C52F0A8A,11.624645,48.133649
2017-11-13 18:02:39,C52F0A8A,11.624701,48.13357
2017-11-13 18:03:39,C52F0A8A,11.624717,48.13371
2017-11-13 18:04:39,C52F0A8A,11.627418,48.133616
2017-11-13 18:05:20,C52F0A8A,11.624716,48.133611
2017-11-13 18:05:39,C52F0A8A,11.624733,48.133626
2017-11-13 18:06:31,C52F0A8A,11.62471,48.1336
2017-11-13 18:10:20,C52F0A8A,11.624708,48.133659
2017-11-13 18:15:21,C52F0A8A,11.624717,48.133666
2017-11-13 18:17:08,C52F0A8A,11.624673,48.133644
2017-11-13 18:20:23,C52F0A8A,11.624679,48.133655
2017-11-13 18:25:25,C52F0A8A,11.625365,48.135246
2017-11-13 18:30:32,C52F0A8A,11.624689,48.133604
2017-11-13 18:32:10,C52F0A8A,11.62471,48.133613
2017-11-13 18:35:31,C52F0A8A,11.624717,48.133621
2017-11-13 18:36:30,C52F0A8A,11.624693,48.133652
2017-11-13 18:40:30,C52F0A8A,11.624705,48.133508
2017-11-13 18:41:42,C52F0A8A,11.624682,48.133627
2017-11-13 18:45:31,C52F0A8A,11.624709,48.133667
2017-11-13 18:46:42,C52F0A8A,11.624717,48.133621
2017-11-13 18:50:34,C52F0A8A,11.624674,48.133679
2017-11-13 18:55:34,C52F0A8A,11.624658,48.133669
2017-11-13 19:00:36,C52F0A8A,11.624675,48.133628
2017-11-13 12:31:22,C52F0A8A,11.625753,48.1362
2017-11-13 12:31:55,C52F0A8A,11.625751,48.136155
2017-11-13 12:32:07,C52F0A8A,11.625741,48.135962
2017-11-13 12:32:17,C52F0A8A,11.62577,48.136274
2017-11-13 12:33:41,C52F0A8A,11.625749,48.136232
2017-11-13 12:37:10,C52F0A8A,11.625632,48.135691
2017-11-13 12:38:12,C52F0A8A,11.625586,48.135529
2017-11-13 12:38:43,C52F0A8A,11.625555,48.135471
2017-11-13 12:39:12,C52F0A8A,11.625629,48.135685
2017-11-13 12:40:12,C52F0A8A,11.625544,48.135454
2017-11-13 12:41:09,C52F0A8A,11.625555,48.135471
2017-11-13 12:42:41,C52F0A8A,11.625664,48.135936
2017-11-13 12:42:51,C52F0A8A,11.624571,48.133767
2017-11-13 12:43:11,C52F0A8A,11.625728,48.135936
2017-11-13 12:43:44,C52F0A8A,11.625815,48.13616
2017-11-13 12:44:12,C52F0A8A,11.625774,48.136024
2017-11-13 12:48:50,C52F0A8A,11.625708,48.135837
2017-11-13 12:49:03,C52F0A8A,11.624667,48.133699
2017-11-13 12:49:38,C52F0A8A,11.624676,48.133706
2017-11-13 12:53:50,C52F0A8A,11.624667,48.133699
2017-11-13 12:57:08,C52F0A8A,11.624646,48.133732
2017-11-13 12:58:49,C52F0A8A,11.624646,48.133732
2017-11-13 13:01:26,C52F0A8A,11.625467,48.135495
2017-11-13 13:02:19,C52F0A8A,11.625551,48.135754
2017-11-13 13:03:19,C52F0A8A,11.624662,48.133738
2017-11-13 13:03:51,C52F0A8A,11.62464,48.133709
2017-11-13 13:08:52,C52F0A8A,11.624694,48.133662
2017-11-13 13:09:12,C52F0A8A,11.624686,48.133655
2017-11-13 13:13:10,C52F0A8A,11.624686,48.133654
2017-11-13 13:13:54,C52F0A8A,11.624702,48.133668
2017-11-13 13:18:56,C52F0A8A,11.624688,48.133671
2017-11-13 13:19:15,C52F0A8A,11.624668,48.133708
2017-11-13 13:20:09,C52F0A8A,11.624688,48.133671
2017-11-13 13:20:22,C52F0A8A,11.624706,48.133677
2017-11-13 13:20:55,C52F0A8A,11.624809,48.134036
2017-11-13 13:23:57,C52F0A8A,11.624639,48.133648
2017-11-13 13:27:11,C52F0A8A,11.624672,48.133658
2017-11-13 13:28:59,C52F0A8A,11.624647,48.133742
2017-11-13 13:30:55,C52F0A8A,11.624615,48.133765
2017-11-13 13:32:02,C52F0A8A,11.624616,48.13374
2017-11-13 13:32:13,C52F0A8A,11.624631,48.133698
2017-11-13 13:34:00,C52F0A8A,11.62446,48.133387
2017-11-13 13:36:05,C52F0A8A,11.624633,48.133751
2017-11-13 13:38:43,C52F0A8A,11.625184,48.133766
2017-11-13 13:39:00,C52F0A8A,11.624624,48.133747
2017-11-13 13:39:44,C52F0A8A,11.624604,48.133719
2017-11-13 13:40:17,C52F0A8A,11.624638,48.133708
2017-11-13 13:42:18,C52F0A8A,11.624633,48.133751
2017-11-13 13:43:19,C52F0A8A,11.624624,48.133747
2017-11-13 13:44:02,C52F0A8A,11.624646,48.133714
2017-11-13 13:44:20,C52F0A8A,11.624655,48.133718
2017-11-13 13:45:21,C52F0A8A,11.624638,48.133708
2017-11-13 13:46:19,C52F0A8A,11.624616,48.13374
2017-11-13 13:47:13,C52F0A8A,11.624675,48.1337
2017-11-13 13:49:04,C52F0A8A,11.624646,48.133723
2017-11-13 13:54:04,C52F0A8A,11.624653,48.133732
2017-11-13 13:56:11,C52F0A8A,11.624816,48.134088
2017-11-13 13:59:06,C52F0A8A,11.624662,48.133738
2017-11-13 14:02:23,C52F0A8A,11.624873,48.136637
2017-11-13 14:02:34,C52F0A8A,11.62432,48.137622
2017-11-13 14:04:14,C52F0A8A,11.625599,48.13624
2017-11-13 14:05:13,C52F0A8A,11.625316,48.136355
2017-11-13 14:09:10,C52F0A8A,11.624639,48.133624
2017-11-13 14:11:12,C52F0A8A,11.624615,48.133764
2017-11-13 14:14:12,C52F0A8A,11.624639,48.133734
2017-11-13 14:17:10,C52F0A8A,11.624593,48.133777
2017-11-13 14:19:14,C52F0A8A,11.624593,48.133777
2017-11-13 14:24:14,C52F0A8A,11.624609,48.133741
2017-11-13 14:29:15,C52F0A8A,11.625417,48.135504
2017-11-13 14:34:18,C52F0A8A,11.624627,48.133639
2017-11-13 14:39:18,C52F0A8A,11.624631,48.133715
2017-11-13 14:43:34,C52F0A8A,11.624617,48.1337
2017-11-13 14:44:23,C52F0A8A,11.624609,48.133749
2017-11-13 14:44:35,C52F0A8A,11.624631,48.133716
2017-11-13 14:45:23,C52F0A8A,11.624607,48.133608
2017-11-13 14:45:37,C52F0A8A,11.624631,48.133653
2017-11-13 14:46:36,C52F0A8A,11.624638,48.133758
2017-11-13 14:47:34,C52F0A8A,11.624661,48.13373
2017-11-13 14:48:27,C52F0A8A,11.625456,48.135351
2017-11-13 14:49:22,C52F0A8A,11.624674,48.133688
2017-11-13 14:54:23,C52F0A8A,11.624682,48.133697
2017-11-13 14:57:08,C52F0A8A,11.624709,48.133667
2017-11-13 14:59:24,C52F0A8A,11.624691,48.133704
2017-11-13 15:02:18,C52F0A8A,11.624664,48.133596
2017-11-13 15:02:51,C52F0A8A,11.624646,48.133704
2017-11-13 15:03:12,C52F0A8A,11.624644,48.133595
2017-11-13 15:04:26,C52F0A8A,11.624633,48.133684
2017-11-13 15:07:11,C52F0A8A,11.624654,48.133711
2017-11-13 15:09:28,C52F0A8A,11.62469,48.133632
2017-11-13 15:14:30,C52F0A8A,11.624673,48.133673
2017-11-13 15:19:30,C52F0A8A,11.624631,48.133715
2017-11-13 15:22:07,C52F0A8A,11.625386,48.135366
2017-11-13 15:24:34,C52F0A8A,11.624644,48.133671
2017-11-13 15:25:11,C52F0A8A,11.624661,48.133631
2017-11-13 15:26:09,C52F0A8A,11.624649,48.133612
2017-11-13 15:27:10,C52F0A8A,11.624645,48.133598
2017-11-13 15:29:34,C52F0A8A,11.624654,48.133623
2017-11-13 15:34:34,C52F0A8A,11.625035,48.136496
2017-11-13 15:37:19,C52F0A8A,11.620878,48.135868
2017-11-13 15:39:36,C52F0A8A,11.624572,48.133289
2017-11-13 15:42:21,C52F0A8A,11.624687,48.133663
2017-11-13 15:43:21,C52F0A8A,11.624684,48.133592
2017-11-13 15:44:39,C52F0A8A,11.624687,48.133663
2017-11-13 12:21:57,C52F0A8A,11.625569,48.135803
2017-11-13 12:23:00,C52F0A8A,11.625742,48.13603
2017-11-13 12:23:38,C52F0A8A,11.62613,48.13516
2017-11-13 12:28:39,C52F0A8A,11.625716,48.136032
2017-11-13 12:31:08,C52F0A8A,11.624762,48.134182
2017-11-13 19:32:11,C52F0A8A,11.624703,48.133561
2017-11-13 19:35:46,C52F0A8A,11.624687,48.133663
2017-11-13 19:40:49,C52F0A8A,11.624695,48.133669
2017-11-13 19:41:53,C52F0A8A,11.624583,48.13329
2017-11-13 19:45:49,C52F0A8A,11.624673,48.133644
2017-11-13 19:50:53,C52F0A8A,11.624666,48.133675
2017-11-13 19:51:58,C52F0A8A,11.624658,48.133669
2017-11-13 19:52:43,C52F0A8A,11.624666,48.133675
2017-11-13 19:52:58,C52F0A8A,11.624668,48.133621
2017-11-13 19:55:52,C52F0A8A,11.624668,48.133621
2017-11-13 19:57:48,C52F0A8A,11.624675,48.133628
2017-11-13 20:00:55,C52F0A8A,11.624668,48.133621
2017-11-13 20:02:17,C52F0A8A,11.624688,48.133671
2017-11-13 20:05:55,C52F0A8A,11.624688,48.133671
2017-11-13 20:07:48,C52F0A8A,11.624688,48.133671
2017-11-13 20:10:58,C52F0A8A,11.624679,48.133665
2017-11-13 20:15:58,C52F0A8A,11.624696,48.133625
2017-11-13 20:21:00,C52F0A8A,11.624654,48.133711
2017-11-13 20:22:46,C52F0A8A,11.624673,48.133673
2017-11-13 20:23:46,C52F0A8A,11.624665,48.133667
2017-11-13 20:24:48,C52F0A8A,11.624665,48.133667
2017-11-13 20:25:47,C52F0A8A,11.624662,48.133715
2017-11-13 20:26:02,C52F0A8A,11.624648,48.133634
2017-11-13 20:26:47,C52F0A8A,11.624658,48.133659
2017-11-13 20:31:04,C52F0A8A,11.624673,48.133673
2017-11-13 20:32:10,C52F0A8A,11.624659,48.133647
2017-11-13 20:36:07,C52F0A8A,11.62468,48.133672
2017-11-13 13:22:02,C608F61F,11.605137,48.194259
2017-11-13 13:30:06,C608F61F,11.603746,48.1943
2017-11-14 00:00:35,C789381B,11.466031,48.182064
2017-11-13 10:29:45,C7A73208,11.536617,48.096768
2017-11-13 12:37:50,C80700D5,11.653013,48.189076
2017-11-13 12:38:02,C80700D5,11.654985,48.188771
2017-11-13 12:38:28,C80700D5,11.654084,48.18872
2017-11-13 12:38:54,C80700D5,11.653654,48.188186
2017-11-13 12:44:01,C80700D5,11.654689,48.188709
2017-11-13 12:50:27,C80700D5,11.654109,48.188565
2017-11-13 13:00:41,C80700D5,11.653497,48.188808
2017-11-13 13:10:43,C80700D5,11.653621,48.189236
2017-11-13 13:26:01,C80700D5,11.652447,48.188936
2017-11-13 13:35:11,C80700D5,11.654862,48.188509
2017-11-13 13:36:05,C80700D5,11.654495,48.189068
2017-11-13 13:38:09,C80700D5,11.654021,48.189608
2017-11-13 13:43:30,C80700D5,11.654769,48.188495
2017-11-13 13:45:52,C80700D5,11.653784,48.187676
2017-11-13 13:53:19,C80700D5,11.652825,48.188322
2017-11-13 13:59:57,C80700D5,11.652393,48.188861
2017-11-13 14:00:15,C80700D5,11.654889,48.188719
2017-11-13 14:07:51,C80700D5,11.654324,48.188778
2017-11-13 14:13:54,C80700D5,11.653414,48.188526
2017-11-13 14:23:09,C80700D5,11.654176,48.188604
2017-11-13 14:35:17,C80700D5,11.653745,48.183894
2017-11-13 14:43:41,C80700D5,11.654307,48.187303
2017-11-13 14:44:23,C80700D5,11.655887,48.187608
2017-11-13 14:59:30,C817CF3C,11.462697,48.208453
2017-11-13 08:15:21,C8954099,11.715421,48.073403
2017-11-13 08:15:58,C8954099,11.719251,48.067013
2017-11-13 08:17:54,C8954099,11.692969,48.049838
2017-11-13 21:27:39,C91388E4,11.582287,48.160234
2017-11-13 12:03:12,CA125177,11.565944,48.133452
2017-11-13 17:45:51,CB010271,11.563618,48.138268
2017-11-13 17:46:02,CB010271,11.563094,48.139726
2017-11-13 17:46:13,CB010271,11.563187,48.137291
2017-11-13 02:41:14,CB8D5D7C,11.465864,48.165803
2017-11-13 12:59:51,CB93315B,11.666981,48.197591
2017-11-13 10:19:41,CB9F0486,11.75315,48.157301
2017-11-13 13:26:02,CE0DCE70,11.564419,48.138866
2017-11-13 12:51:22,CE16482B,11.528997,48.140093
2017-11-13 12:51:54,CE16482B,11.53524,48.145752
2017-11-13 12:53:45,CE16482B,11.535186,48.146566
2017-11-13 12:53:35,CE16482B,11.540438,48.148282
2017-11-13 12:55:57,CE16482B,11.529463,48.148481
2017-11-13 12:57:16,CE16482B,11.527878,48.148764
2017-11-13 12:57:59,CE16482B,11.528616,48.148246
2017-11-13 07:46:22,CE1CA4C1,11.594544,48.164369
2017-11-13 00:29:14,CF1B0202,11.582375,48.188776
2017-11-13 00:46:26,CF1B0202,11.582817,48.18897
2017-11-13 00:57:24,CF1B0202,11.582817,48.18897
2017-11-13 01:01:15,CF1B0202,11.582379,48.188771
2017-11-13 00:37:10,CF1B0202,11.583276,48.189146
2017-11-13 00:41:11,CF1B0202,11.582827,48.188959
2017-11-13 01:17:23,CF1B0202,11.582815,48.188972
2017-11-13 01:21:24,CF1B0202,11.582815,48.188972
2017-11-13 01:25:14,CF1B0202,11.582815,48.188972
2017-11-13 01:26:52,CF1B0202,11.582815,48.188972
2017-11-13 01:35:20,CF1B0202,11.582819,48.188968
2017-11-13 01:36:11,CF1B0202,11.582819,48.188968
2017-11-13 01:39:19,CF1B0202,11.582819,48.188968
2017-11-13 01:53:17,CF1B0202,11.582817,48.18897
2017-11-13 01:56:25,CF1B0202,11.58237,48.188781
2017-11-13 01:57:28,CF1B0202,11.582817,48.18897
2017-11-13 02:00:24,CF1B0202,11.582817,48.18897
2017-11-13 02:21:18,CF1B0202,11.582819,48.188968
2017-11-13 02:22:03,CF1B0202,11.583266,48.189157
2017-11-13 02:48:27,CF1B0202,11.582821,48.188966
2017-11-13 02:48:41,CF1B0202,11.582821,48.188966
2017-11-13 02:49:18,CF1B0202,11.582821,48.188966
2017-11-13 02:49:38,CF1B0202,11.582821,48.188966
2017-11-13 02:50:43,CF1B0202,11.582821,48.188966
2017-11-13 02:53:18,CF1B0202,11.582821,48.188966
2017-11-13 03:11:28,CF1B0202,11.582829,48.188957
2017-11-13 03:16:08,CF1B0202,11.582829,48.188957
2017-11-13 03:16:25,CF1B0202,11.583278,48.189144
2017-11-13 03:16:40,CF1B0202,11.582829,48.188957
2017-11-13 02:36:20,CF1B0202,11.582827,48.188959
2017-11-13 02:40:20,CF1B0202,11.583276,48.189146
2017-11-13 02:46:27,CF1B0202,11.582827,48.188959
2017-11-13 03:17:02,CF1B0202,11.582827,48.188959
2017-11-13 03:17:17,CF1B0202,11.582827,48.188959
2017-11-13 03:36:53,CF1B0202,11.582725,48.188964
2017-11-13 03:36:58,CF1B0202,11.576818,48.189912
2017-11-13 10:38:12,CF980883,11.571064,48.124896
2017-11-13 06:00:49,D008922E,11.559261,48.140268
2017-11-13 20:06:53,D008A08D,11.587919,48.069128
2017-11-13 12:46:24,D0826791,11.5341,48.16892
2017-11-13 12:48:14,D0826791,11.53395,48.168763
2017-11-13 12:49:14,D0826791,11.533991,48.169004
2017-11-13 12:50:47,D0826791,11.534007,48.169
2017-11-13 12:52:47,D0826791,11.534086,48.168937
2017-11-13 12:58:03,D0826791,11.534031,48.168968
2017-11-13 13:00:44,D0826791,11.528549,48.169333
2017-11-13 13:02:17,D0826791,11.534111,48.168936
2017-11-13 13:02:47,D0826791,11.534037,48.168981
2017-11-13 13:03:24,D0826791,11.533892,48.168843
2017-11-13 13:04:45,D0826791,11.531777,48.171593
2017-11-13 13:05:54,D0826791,11.534028,48.168995
2017-11-13 13:06:50,D0826791,11.531641,48.171036
2017-11-13 13:08:07,D0826791,11.534074,48.168955
2017-11-13 13:08:28,D0826791,11.531502,48.171775
2017-11-13 13:09:33,D0826791,11.531912,48.17155
2017-11-13 13:10:47,D0826791,11.529733,48.168559
2017-11-13 13:12:11,D0826791,11.5339,48.168833
2017-11-13 13:12:28,D0826791,11.534118,48.168923
2017-11-13 13:14:33,D0826791,11.533519,48.168781
2017-11-13 13:15:33,D0826791,11.533979,48.169022
2017-11-13 13:16:17,D0826791,11.534091,48.168931
2017-11-13 13:17:14,D0826791,11.53409,48.168931
2017-11-13 13:18:04,D0826791,11.533934,48.16878
2017-11-13 13:18:46,D0826791,11.533956,48.168766
2017-11-13 13:19:32,D0826791,11.534215,48.168827
2017-11-13 13:20:47,D0826791,11.532179,48.17065
2017-11-13 13:22:03,D0826791,11.532071,48.17137
2017-11-13 13:24:34,D0826791,11.531858,48.171611
2017-11-13 13:24:49,D0826791,11.531698,48.171018
2017-11-13 13:25:38,D0826791,11.534121,48.168894
2017-11-13 13:26:44,D0826791,11.534214,48.168827
2017-11-13 13:28:06,D0826791,11.534091,48.168931
2017-11-13 13:29:32,D0826791,11.534033,48.168989
2017-11-13 13:32:04,D0826791,11.534243,48.168825
2017-11-13 13:34:33,D0826791,11.531874,48.171446
2017-11-13 13:36:03,D0826791,11.533632,48.168693
2017-11-13 13:38:34,D0826791,11.53416,48.168869
2017-11-13 13:39:32,D0826791,11.53416,48.168869
2017-11-13 13:40:13,D0826791,11.5317,48.171612
2017-11-13 13:42:03,D0826791,11.534033,48.168987
2017-11-13 13:44:13,D0826791,11.533564,48.168747
2017-11-13 13:44:34,D0826791,11.531104,48.17133
2017-11-13 13:45:34,D0826791,11.534069,48.168971
2017-11-13 13:48:06,D0826791,11.532308,48.171348
2017-11-13 13:48:26,D0826791,11.533944,48.169075
2017-11-13 13:49:36,D0826791,11.533973,48.169057
2017-11-13 13:52:04,D0826791,11.534064,48.168972
2017-11-13 13:52:46,D0826791,11.53406,48.168984
2017-11-13 13:53:34,D0826791,11.534109,48.16894
2017-11-13 13:54:33,D0826791,11.533433,48.168841
2017-11-13 13:55:33,D0826791,11.531958,48.17144
2017-11-13 13:58:04,D0826791,11.534062,48.168987
2017-11-13 13:59:32,D0826791,11.528535,48.16936
2017-11-13 13:59:47,D0826791,11.532024,48.171416
2017-11-13 14:00:11,D0826791,11.531941,48.171466
2017-11-13 14:02:03,D0826791,11.532264,48.171382
2017-11-13 14:04:33,D0826791,11.533952,48.169055
2017-11-13 14:07:03,D0826791,11.530044,48.168019
2017-11-13 14:07:38,D0826791,11.534138,48.168825
2017-11-13 14:08:13,D0826791,11.53002,48.168114
2017-11-13 14:09:32,D0826791,11.53391,48.168813
2017-11-13 14:11:38,D0826791,11.533955,48.169038
2017-11-13 14:12:04,D0826791,11.531998,48.171542
2017-11-13 14:14:33,D0826791,11.533972,48.169035
2017-11-13 14:19:36,D0826791,11.529033,48.169213
2017-11-13 14:21:28,D0826791,11.534174,48.168811
2017-11-13 14:22:03,D0826791,11.533924,48.169071
2017-11-13 14:22:18,D0826791,11.532806,48.168718
2017-11-13 14:22:46,D0826791,11.531622,48.171759
2017-11-13 14:24:03,D0826791,11.531972,48.171008
2017-11-13 14:25:05,D0826791,11.532004,48.169832
2017-11-13 14:25:39,D0826791,11.531195,48.170282
2017-11-13 14:26:09,D0826791,11.532843,48.171574
2017-11-13 14:27:01,D0826791,11.528809,48.169165
2017-11-13 14:27:28,D0826791,11.528661,48.169081
2017-11-13 14:27:44,D0826791,11.528266,48.168922
2017-11-13 14:28:01,D0826791,11.530233,48.170399
2017-11-13 14:29:34,D0826791,11.53233,48.171623
2017-11-13 14:29:55,D0826791,11.531371,48.170929
2017-11-13 14:29:11,D0826791,11.53307,48.17204
2017-11-13 14:37:45,D0826791,11.568188,48.175029
2017-11-13 11:48:48,D0826791,11.531778,48.171327
2017-11-13 11:49:58,D0826791,11.528201,48.169213
2017-11-13 11:50:47,D0826791,11.528697,48.169763
2017-11-13 11:51:05,D0826791,11.529096,48.169527
2017-11-13 11:51:29,D0826791,11.52849,48.168907
2017-11-13 11:52:19,D0826791,11.527658,48.1686
2017-11-13 11:52:49,D0826791,11.527795,48.168684
2017-11-13 11:53:48,D0826791,11.527144,48.16968
2017-11-13 11:54:47,D0826791,11.53044,48.171991
2017-11-13 11:55:20,D0826791,11.53343,48.16833
2017-11-13 11:56:08,D0826791,11.53234,48.171164
2017-11-13 11:56:20,D0826791,11.533981,48.169043
2017-11-13 11:58:51,D0826791,11.533481,48.168814
2017-11-13 12:00:26,D0826791,11.534106,48.168942
2017-11-13 12:01:21,D0826791,11.532058,48.171461
2017-11-13 12:02:16,D0826791,11.534296,48.168793
2017-11-13 12:02:37,D0826791,11.534062,48.168972
2017-11-13 12:03:52,D0826791,11.533896,48.168857
2017-11-13 12:04:12,D0826791,11.532065,48.171341
2017-11-13 12:04:33,D0826791,11.532156,48.171379
2017-11-13 12:04:47,D0826791,11.532388,48.171237
2017-11-13 12:06:01,D0826791,11.534005,48.169037
2017-11-13 12:06:13,D0826791,11.533977,48.169047
2017-11-13 12:06:37,D0826791,11.534048,48.168996
2017-11-13 12:16:10,D0826791,11.534007,48.169004
2017-11-13 12:19:33,D0826791,11.534005,48.16903
2017-11-13 12:20:31,D0826791,11.53398,48.169042
2017-11-13 12:21:14,D0826791,11.531621,48.171038
2017-11-13 12:21:36,D0826791,11.533335,48.168741
2017-11-13 12:22:42,D0826791,11.530083,48.167606
2017-11-13 12:23:56,D0826791,11.532309,48.171272
2017-11-13 12:24:35,D0826791,11.532309,48.171271
2017-11-13 12:24:47,D0826791,11.534034,48.168987
2017-11-13 12:28:51,D0826791,11.53413,48.168907
2017-11-13 12:29:33,D0826791,11.532517,48.171159
2017-11-13 12:32:46,D0826791,11.534169,48.168886
2017-11-13 12:34:49,D0826791,11.532096,48.171412
2017-11-13 12:36:50,D0826791,11.534068,48.168942
2017-11-13 12:38:50,D0826791,11.530182,48.168028
2017-11-13 12:39:49,D0826791,11.529595,48.168742
2017-11-13 12:40:47,D0826791,11.534091,48.168915
2017-11-13 12:44:14,D0826791,11.53405,48.168964
2017-11-13 11:46:30,D31F69DD,11.560492,48.140333
2017-11-13 11:10:39,D3871DEB,11.651884,48.137074
2017-11-13 11:13:01,D3871DEB,11.677038,48.136374
2017-11-13 11:13:17,D3871DEB,11.680098,48.136774
2017-11-13 11:15:49,D3871DEB,11.692668,48.133308
2017-11-13 11:18:08,D3871DEB,11.690596,48.130633
2017-11-13 11:20:40,D3871DEB,11.691241,48.13217
2017-11-13 11:30:26,D3871DEB,11.691247,48.132145
2017-11-13 11:33:19,D3871DEB,11.692152,48.133059
2017-11-13 09:08:40,D612DF1E,11.677138,48.022868
2017-11-13 08:39:32,D614FEB5,11.576627,48.136743
2017-11-13 13:49:35,D714BB38,11.495506,48.132428
2017-11-13 23:33:57,D801DA92,11.544678,48.190512
2017-11-13 23:48:44,D801DA92,11.545683,48.190659
2017-11-13 20:07:55,D8028E49,11.59567,48.131747
2017-11-13 08:16:18,D80AC6D8,11.612175,48.128205
2017-11-13 08:19:14,D80AC6D8,11.612459,48.129574
2017-11-13 12:03:23,D812DB68,11.687309,48.146931
2017-11-13 12:01:20,D916E380,11.532157,48.103019
2017-11-13 12:02:14,D916E380,11.531231,48.103596
2017-11-13 12:02:24,D916E380,11.531734,48.103647
2017-11-13 12:05:15,D916E380,11.532515,48.103152
2017-11-13 12:08:17,D916E380,11.531281,48.103435
2017-11-13 12:09:35,D916E380,11.526952,48.102993
2017-11-13 12:10:14,D916E380,11.527414,48.103189
2017-11-13 12:10:42,D916E380,11.533409,48.10317
2017-11-13 12:11:14,D916E380,11.534773,48.106754
2017-11-13 12:11:46,D916E380,11.534747,48.106794
2017-11-13 12:12:18,D916E380,11.534928,48.106926
2017-11-13 12:14:13,D916E380,11.535984,48.107226
2017-11-13 13:01:17,D916E380,11.531795,48.103532
2017-11-13 13:04:08,D916E380,11.531886,48.103398
2017-11-13 13:07:09,D916E380,11.531738,48.103645
2017-11-13 13:10:10,D916E380,11.531888,48.103337
2017-11-13 13:13:12,D916E380,11.531888,48.103337
2017-11-13 13:15:42,D916E380,11.533354,48.1033
2017-11-13 13:16:13,D916E380,11.531244,48.103534
2017-11-13 12:33:10,D916E380,11.531231,48.104099
2017-11-13 12:36:09,D916E380,11.532245,48.103871
2017-11-13 12:38:39,D916E380,11.527216,48.102944
2017-11-13 12:39:15,D916E380,11.527422,48.103533
2017-11-13 12:44:47,D916E380,11.529019,48.10316
2017-11-13 09:07:31,D916E380,11.536698,48.107878
2017-11-13 09:09:16,D916E380,11.52658,48.102958
2017-11-13 09:09:48,D916E380,11.526534,48.10294
2017-11-13 09:10:20,D916E380,11.527039,48.103539
2017-11-13 09:10:54,D916E380,11.526813,48.103085
2017-11-13 09:12:00,D916E380,11.532477,48.10387
2017-11-13 09:12:12,D916E380,11.531117,48.103674
2017-11-13 09:14:16,D916E380,11.532519,48.103162
2017-11-13 12:18:06,D916E380,11.531405,48.104428
2017-11-13 12:20:57,D916E380,11.533341,48.103146
2017-11-13 12:23:04,D916E380,11.532321,48.103153
2017-11-13 12:23:58,D916E380,11.527199,48.102927
2017-11-13 12:26:38,D916E380,11.528527,48.103586
2017-11-13 12:48:09,D916E380,11.531913,48.103388
2017-11-13 13:00:49,D916E380,11.53255,48.103384
2017-11-13 13:01:07,D916E380,11.531841,48.103532
2017-11-13 13:19:15,D916E380,11.534099,48.103357
2017-11-13 13:21:53,D916E380,11.532445,48.103167
2017-11-13 13:22:26,D916E380,11.53189,48.103343
2017-11-13 13:24:27,D916E380,11.531907,48.103307
2017-11-13 13:30:57,D916E380,11.527019,48.102936
2017-11-13 09:28:58,D916E380,11.532506,48.103121
2017-11-13 09:32:00,D916E380,11.532728,48.103072
2017-11-13 09:35:01,D916E380,11.53142,48.100671
2017-11-13 09:38:00,D916E380,11.531344,48.100859
2017-11-13 09:41:09,D916E380,11.531716,48.100457
2017-11-13 09:43:42,D916E380,11.532209,48.100355
2017-11-13 09:44:02,D916E380,11.532133,48.103135
2017-11-13 09:44:33,D916E380,11.533243,48.103118
2017-11-13 11:46:14,D916E380,11.532303,48.103505
2017-11-13 11:49:12,D916E380,11.532303,48.103505
2017-11-13 11:52:13,D916E380,11.53086,48.104039
2017-11-13 11:55:13,D916E380,11.532303,48.103505
2017-11-13 11:58:16,D916E380,11.532388,48.10396
2017-11-13 10:01:42,D916E380,11.533668,48.103134
2017-11-13 10:04:57,D916E380,11.531039,48.103227
2017-11-13 10:05:26,D916E380,11.533355,48.103326
2017-11-13 10:05:37,D916E380,11.533233,48.103186
2017-11-13 10:06:33,D916E380,11.531275,48.103512
2017-11-13 10:06:45,D916E380,11.532414,48.103214
2017-11-13 10:06:56,D916E380,11.531898,48.103204
2017-11-13 10:09:45,D916E380,11.531983,48.103309
2017-11-13 10:11:43,D916E380,11.532599,48.103357
2017-11-13 10:12:00,D916E380,11.531816,48.103585
2017-11-13 10:15:01,D916E380,11.533267,48.1034
2017-11-13 11:34:07,D916E380,11.532389,48.103966
2017-11-13 11:37:10,D916E380,11.532488,48.103312
2017-11-13 11:39:25,D916E380,11.531936,48.103315
2017-11-13 11:40:08,D916E380,11.532389,48.10346
2017-11-13 11:41:16,D916E380,11.532465,48.103413
2017-11-13 11:43:09,D916E380,11.5331,48.103473
2017-11-13 11:19:02,D916E380,11.532605,48.101903
2017-11-13 11:22:05,D916E380,11.532467,48.103383
2017-11-13 11:25:03,D916E380,11.532559,48.103753
2017-11-13 11:27:52,D916E380,11.531711,48.103954
2017-11-13 11:28:04,D916E380,11.53033,48.103848
2017-11-13 11:31:07,D916E380,11.5318,48.103366
2017-11-13 11:10:00,D916E380,11.532276,48.103613
2017-11-13 11:12:59,D916E380,11.532514,48.103599
2017-11-13 11:16:01,D916E380,11.532389,48.103478
2017-11-13 10:18:02,D916E380,11.531849,48.103553
2017-11-13 10:21:03,D916E380,11.533299,48.103346
2017-11-13 10:23:05,D916E380,11.532467,48.103356
2017-11-13 10:23:37,D916E380,11.532626,48.103673
2017-11-13 10:23:54,D916E380,11.531889,48.103421
2017-11-13 10:24:23,D916E380,11.533286,48.10344
2017-11-13 10:26:40,D916E380,11.533198,48.10338
2017-11-13 10:46:32,D916E380,11.532411,48.103457
2017-11-13 10:49:33,D916E380,11.532436,48.103534
2017-11-13 10:50:04,D916E380,11.532386,48.103518
2017-11-13 10:52:07,D916E380,11.532461,48.103472
2017-11-13 10:35:04,D916E380,11.531655,48.103955
2017-11-13 10:38:03,D916E380,11.532261,48.10411
2017-11-13 10:40:29,D916E380,11.528484,48.1039
2017-11-13 10:40:40,D916E380,11.532562,48.103302
2017-11-13 10:43:31,D916E380,11.531567,48.10413
2017-11-13 09:58:24,D916E380,11.532784,48.10287
2017-11-13 19:30:24,D9921397,11.488701,48.084769
2017-11-13 19:33:09,D9921397,11.494566,48.081954
2017-11-13 11:22:45,DA1EC1BB,11.563987,48.13699
2017-11-13 14:32:59,DB0FF28F,11.532685,48.176915
2017-11-13 14:32:58,DB0FF28F,11.549149,48.176332
2017-11-13 15:12:10,DC02CDA8,11.505808,48.146993
2017-11-13 15:13:34,DC02CDA8,11.5048,48.146307
2017-11-13 15:14:15,DC02CDA8,11.505314,48.149123
2017-11-13 15:15:52,DC02CDA8,11.501535,48.146031
2017-11-13 15:16:26,DC02CDA8,11.501091,48.146132
2017-11-13 15:18:59,DC02CDA8,11.505754,48.148209
2017-11-13 15:20:02,DC02CDA8,11.501219,48.147709
2017-11-13 15:23:12,DC02CDA8,11.500083,48.148453
2017-11-13 15:24:49,DC02CDA8,11.505643,48.147001
2017-11-13 15:25:32,DC02CDA8,11.504376,48.14696
2017-11-13 15:26:21,DC02CDA8,11.503961,48.146221
2017-11-13 15:26:32,DC02CDA8,11.502508,48.146418
2017-11-13 15:27:31,DC02CDA8,11.503497,48.148454
2017-11-13 15:28:23,DC02CDA8,11.506028,48.147677
2017-11-13 15:28:36,DC02CDA8,11.504499,48.149609
2017-11-13 15:28:50,DC02CDA8,11.504636,48.149653
2017-11-13 15:29:47,DC02CDA8,11.501436,48.148555
2017-11-13 15:30:17,DC02CDA8,11.505384,48.1459
2017-11-13 15:31:46,DC02CDA8,11.505034,48.148789
2017-11-13 15:32:15,DC02CDA8,11.502789,48.14928
2017-11-13 15:32:48,DC02CDA8,11.506807,48.147417
2017-11-13 15:35:46,DC02CDA8,11.500181,48.147994
2017-11-13 15:43:06,DC02CDA8,11.502873,48.146272
2017-11-13 09:02:38,DC03AAD1,11.595632,48.115067
2017-11-13 09:05:51,DC03AAD1,11.602451,48.126945
2017-11-13 05:29:00,DC1CEA78,11.522483,48.089302
2017-11-13 04:35:00,DC1CEA78,11.520522,48.089172
2017-11-13 12:16:37,DC912E7A,11.522976,48.063552
2017-11-13 12:19:05,DC912E7A,11.526967,48.066438
2017-11-13 12:20:45,DC912E7A,11.52308,48.063449
2017-11-13 12:21:06,DC912E7A,11.525546,48.05908
2017-11-13 12:02:12,DC912E7A,11.517224,48.063049
2017-11-13 12:03:30,DC912E7A,11.525292,48.062607
2017-11-13 12:04:06,DC912E7A,11.52837,48.066894
2017-11-13 12:04:35,DC912E7A,11.517251,48.063536
2017-11-13 12:07:14,DC912E7A,11.528601,48.066736
2017-11-13 12:09:23,DC912E7A,11.523871,48.063354
2017-11-13 12:09:34,DC912E7A,11.528174,48.066904
2017-11-13 12:10:02,DC912E7A,11.524222,48.063144
2017-11-13 12:10:25,DC912E7A,11.525666,48.062025
2017-11-13 12:12:15,DC912E7A,11.529773,48.058361
2017-11-13 12:12:45,DC912E7A,11.522186,48.066559
2017-11-13 12:13:34,DC912E7A,11.522937,48.063549
2017-11-13 12:14:39,DC912E7A,11.528831,48.0602
2017-11-13 12:16:05,DC912E7A,11.528825,48.060288
2017-11-13 09:33:56,DD02DEA1,11.54686,48.198798
2017-11-13 09:48:01,DD02DEA1,11.547275,48.199777
2017-11-13 09:48:19,DD02DEA1,11.547838,48.199107
2017-11-13 09:51:59,DD02DEA1,11.547509,48.199354
2017-11-13 10:16:38,DD02DEA1,11.547324,48.199688
2017-11-13 10:20:38,DD02DEA1,11.54793,48.199048
2017-11-13 10:39:55,DD02DEA1,11.54784,48.199131
2017-11-13 10:44:07,DD02DEA1,11.547987,48.199191
2017-11-13 10:44:22,DD02DEA1,11.547946,48.199294
2017-11-13 10:44:49,DD02DEA1,11.548074,48.199194
2017-11-13 11:38:50,DD02DEA1,11.545579,48.199264
2017-11-13 13:57:31,DD0DB9E0,11.547507,48.143004
2017-11-13 13:58:23,DD0DB9E0,11.547501,48.143003
2017-11-13 13:59:09,DD0DB9E0,11.547502,48.143003
2017-11-13 05:56:16,DD9A5DDF,11.514126,48.135013
2017-11-13 09:20:12,DE1D7A97,11.573229,48.191094
2017-11-13 13:19:11,DF9B38F2,11.572395,48.122473
2017-11-13 13:19:30,DF9B38F2,11.572217,48.122565
2017-11-13 13:20:03,DF9B38F2,11.571998,48.122544
2017-11-13 03:16:03,E08B6E02,11.485162,48.144934
2017-11-13 17:00:12,E1079DE3,11.562151,48.123108
2017-11-13 17:28:01,E201302B,11.606395,48.186279
2017-11-13 09:36:19,E201302B,11.570859,48.179681
2017-11-13 18:28:29,E201302B,11.481131,48.1661
2017-11-13 00:04:43,E28B3CFF,11.686192,48.137814
2017-11-13 01:09:56,E28B3CFF,11.689206,48.137728
2017-11-13 00:40:35,E28B3CFF,11.68772,48.137459
2017-11-13 01:17:11,E28B3CFF,11.685484,48.135847
2017-11-13 01:52:34,E28B3CFF,11.689199,48.13618
2017-11-13 02:46:34,E28B3CFF,11.689005,48.13552
2017-11-13 22:44:58,E306392B,11.588829,48.135859
2017-11-13 22:45:28,E306392B,11.584728,48.12998
2017-11-13 22:23:53,E306392B,11.583869,48.129743
2017-11-13 22:46:46,E306392B,11.594914,48.130945
2017-11-13 22:59:56,E306392B,11.594261,48.130167
2017-11-13 23:53:56,E306392B,11.589007,48.135625
2017-11-13 10:41:48,E314F4ED,11.476641,48.217286
2017-11-13 06:33:13,E40D5CCD,11.54453,48.142966
2017-11-13 06:33:18,E40D5CCD,11.551448,48.141105
2017-11-13 06:37:00,E40D5CCD,11.561571,48.140668
2017-11-13 07:18:30,E5049A7F,11.513849,48.128327
2017-11-13 07:20:06,E5049A7F,11.515028,48.128066
2017-11-13 07:23:32,E5049A7F,11.51291,48.126588
2017-11-13 07:24:07,E5049A7F,11.515,48.128027
2017-11-13 07:27:11,E5049A7F,11.513871,48.128762
2017-11-13 07:31:06,E5049A7F,11.515017,48.128155
2017-11-13 07:35:09,E5049A7F,11.513486,48.128232
2017-11-13 07:39:09,E5049A7F,11.518697,48.127449
2017-11-13 07:41:09,E5049A7F,11.518953,48.128988
2017-11-13 07:43:08,E5049A7F,11.513878,48.127975
2017-11-13 07:44:12,E5049A7F,11.513507,48.128555
2017-11-13 07:45:17,E5049A7F,11.518852,48.128788
2017-11-13 07:46:09,E5049A7F,11.514308,48.127508
2017-11-13 07:47:09,E5049A7F,11.514708,48.128753
2017-11-13 07:50:19,E5049A7F,11.517406,48.128676
2017-11-13 07:51:10,E5049A7F,11.513366,48.13017
2017-11-13 07:52:12,E5049A7F,11.514129,48.128747
2017-11-13 07:55:10,E5049A7F,11.512826,48.129937
2017-11-13 07:56:13,E5049A7F,11.514581,48.128293
2017-11-13 07:59:11,E5049A7F,11.513357,48.12809
2017-11-13 07:59:37,E5049A7F,11.5139,48.128437
2017-11-13 08:01:14,E5049A7F,11.514661,48.128288
2017-11-13 08:02:33,E5049A7F,11.514552,48.128275
2017-11-13 08:03:11,E5049A7F,11.513935,48.128626
2017-11-13 08:04:16,E5049A7F,11.514359,48.129379
2017-11-13 08:04:31,E5049A7F,11.515572,48.129946
2017-11-13 08:05:36,E5049A7F,11.514514,48.129229
2017-11-13 08:06:09,E5049A7F,11.514607,48.130204
2017-11-13 08:06:34,E5049A7F,11.520589,48.132674
2017-11-13 08:07:09,E5049A7F,11.519677,48.132695
2017-11-13 08:09:18,E5049A7F,11.523308,48.133178
2017-11-13 08:09:39,E5049A7F,11.520629,48.134821
2017-11-13 07:02:07,E5049A7F,11.514996,48.128094
2017-11-13 07:04:16,E5049A7F,11.514947,48.127939
2017-11-13 07:04:28,E5049A7F,11.514862,48.128568
2017-11-13 07:05:11,E5049A7F,11.512542,48.127013
2017-11-13 07:06:08,E5049A7F,11.513187,48.130206
2017-11-13 07:10:08,E5049A7F,11.514749,48.128695
2017-11-13 07:12:06,E5049A7F,11.514621,48.128794
2017-11-13 07:14:29,E5049A7F,11.514966,48.128036
2017-11-13 07:15:09,E5049A7F,11.51404,48.128842
2017-11-13 07:16:06,E5049A7F,11.514386,48.12857
2017-11-13 06:49:29,E5049A7F,11.514824,48.128613
2017-11-13 06:50:07,E5049A7F,11.513785,48.128394
2017-11-13 06:51:10,E5049A7F,11.515999,48.126074
2017-11-13 06:53:29,E5049A7F,11.514866,48.128566
2017-11-13 06:54:07,E5049A7F,11.514856,48.128576
2017-11-13 06:58:09,E5049A7F,11.515841,48.126059
2017-11-13 06:58:30,E5049A7F,11.514776,48.128662
2017-11-13 06:59:15,E5049A7F,11.517381,48.128664
2017-11-13 06:59:27,E5049A7F,11.518684,48.129579
2017-11-13 07:00:09,E5049A7F,11.514978,48.128371
2017-11-13 06:33:11,E5049A7F,11.514925,48.128475
2017-11-13 06:34:15,E5049A7F,11.513867,48.128392
2017-11-13 06:35:12,E5049A7F,11.512464,48.127219
2017-11-13 06:35:58,E5049A7F,11.514932,48.128461
2017-11-13 06:37:26,E5049A7F,11.514945,48.127978
2017-11-13 06:38:10,E5049A7F,11.514809,48.128629
2017-11-13 06:39:16,E5049A7F,11.517372,48.128677
2017-11-13 06:39:58,E5049A7F,11.518954,48.128803
2017-11-13 06:41:26,E5049A7F,11.512625,48.126889
2017-11-13 06:42:08,E5049A7F,11.514773,48.128645
2017-11-13 06:44:11,E5049A7F,11.514674,48.128733
2017-11-13 06:44:59,E5049A7F,11.513865,48.128314
2017-11-13 06:46:08,E5049A7F,11.514747,48.128688
2017-11-13 06:46:27,E5049A7F,11.514873,48.128554
2017-11-13 06:20:06,E5049A7F,11.518732,48.129666
2017-11-13 06:24:08,E5049A7F,11.516553,48.126098
2017-11-13 06:27:10,E5049A7F,11.514544,48.130408
2017-11-13 06:28:09,E5049A7F,11.514273,48.128157
2017-11-13 06:31:11,E5049A7F,11.51384,48.128268
2017-11-13 06:02:08,E5049A7F,11.518707,48.127795
2017-11-13 06:02:50,E5049A7F,11.514848,48.128589
2017-11-13 06:04:42,E5049A7F,11.516889,48.13085
2017-11-13 06:06:08,E5049A7F,11.513596,48.128037
2017-11-13 06:06:51,E5049A7F,11.512495,48.128268
2017-11-13 06:07:07,E5049A7F,11.517009,48.130682
2017-11-13 06:11:08,E5049A7F,11.512772,48.126501
2017-11-13 06:11:52,E5049A7F,11.514275,48.128136
2017-11-13 06:12:05,E5049A7F,11.514,48.128802
2017-11-13 06:16:05,E5049A7F,11.51797,48.128588
2017-11-13 05:48:40,E5049A7F,11.514975,48.128339
2017-11-13 05:52:41,E5049A7F,11.518668,48.12941
2017-11-13 05:52:54,E5049A7F,11.518974,48.128127
2017-11-13 05:53:16,E5049A7F,11.51494,48.128421
2017-11-13 05:53:42,E5049A7F,11.51434,48.128461
2017-11-13 05:53:59,E5049A7F,11.518917,48.128377
2017-11-13 05:54:41,E5049A7F,11.514405,48.128256
2017-11-13 05:56:40,E5049A7F,11.514389,48.128403
2017-11-13 05:59:00,E5049A7F,11.513813,48.127956
2017-11-13 05:59:42,E5049A7F,11.51422,48.128671
2017-11-13 06:00:42,E5049A7F,11.51536,48.126012
2017-11-13 00:15:49,E5049A7F,11.595853,48.031945
2017-11-13 05:32:38,E5049A7F,11.517367,48.128704
2017-11-13 05:33:42,E5049A7F,11.513085,48.126362
2017-11-13 05:35:38,E5049A7F,11.517582,48.130629
2017-11-13 05:36:40,E5049A7F,11.518866,48.127958
2017-11-13 05:36:54,E5049A7F,11.514372,48.128215
2017-11-13 05:38:43,E5049A7F,11.514228,48.126196
2017-11-13 05:40:40,E5049A7F,11.514765,48.128891
2017-11-13 05:44:40,E5049A7F,11.519075,48.128518
2017-11-13 05:45:41,E5049A7F,11.51443,48.128285
2017-11-13 05:16:36,E5049A7F,11.514979,48.128272
2017-11-13 05:20:36,E5049A7F,11.514664,48.12874
2017-11-13 05:24:37,E5049A7F,11.516522,48.12619
2017-11-13 05:26:36,E5049A7F,11.51447,48.126067
2017-11-13 05:28:37,E5049A7F,11.51879,48.129081
2017-11-13 05:30:36,E5049A7F,11.51697,48.126329
2017-11-13 05:04:35,E5049A7F,11.514194,48.128039
2017-11-13 05:08:35,E5049A7F,11.514961,48.128385
2017-11-13 05:12:36,E5049A7F,11.514252,48.128621
2017-11-13 02:04:13,E5049A7F,11.514145,48.130634
2017-11-13 02:08:12,E5049A7F,11.5145,48.128613
2017-11-13 02:12:13,E5049A7F,11.514976,48.128073
2017-11-13 02:13:14,E5049A7F,11.514805,48.128645
2017-11-13 02:16:13,E5049A7F,11.515254,48.131075
2017-11-13 04:46:56,E5049A7F,11.514236,48.128755
2017-11-13 04:48:35,E5049A7F,11.514985,48.130894
2017-11-13 04:48:47,E5049A7F,11.517843,48.126589
2017-11-13 04:49:41,E5049A7F,11.517378,48.128687
2017-11-13 04:49:53,E5049A7F,11.513714,48.127988
2017-11-13 04:50:35,E5049A7F,11.516174,48.126004
2017-11-13 04:51:57,E5049A7F,11.516822,48.126212
2017-11-13 04:52:34,E5049A7F,11.513581,48.128598
2017-11-13 04:53:34,E5049A7F,11.517844,48.130261
2017-11-13 04:54:43,E5049A7F,11.513552,48.128603
2017-11-13 04:54:55,E5049A7F,11.518337,48.127014
2017-11-13 04:55:37,E5049A7F,11.514252,48.128636
2017-11-13 04:56:34,E5049A7F,11.514291,48.128171
2017-11-13 04:58:36,E5049A7F,11.514609,48.129296
2017-11-13 05:00:35,E5049A7F,11.51495,48.127989
2017-11-13 02:46:37,E5049A7F,11.514916,48.128479
2017-11-13 02:47:19,E5049A7F,11.515531,48.126096
2017-11-13 02:48:17,E5049A7F,11.514678,48.128753
2017-11-13 02:49:22,E5049A7F,11.518874,48.127701
2017-11-13 02:52:17,E5049A7F,11.518001,48.127017
2017-11-13 02:56:18,E5049A7F,11.514968,48.128339
2017-11-13 02:59:18,E5049A7F,11.518796,48.127835
2017-11-13 03:00:19,E5049A7F,11.514206,48.128043
2017-11-13 02:20:15,E5049A7F,11.513284,48.130036
2017-11-13 02:23:55,E5049A7F,11.514446,48.128375
2017-11-13 02:24:15,E5049A7F,11.514979,48.128347
2017-11-13 02:27:56,E5049A7F,11.518764,48.127929
2017-11-13 02:28:19,E5049A7F,11.514421,48.128336
2017-11-13 02:29:17,E5049A7F,11.518855,48.128168
2017-11-13 04:32:31,E5049A7F,11.514131,48.128064
2017-11-13 04:36:33,E5049A7F,11.518236,48.127222
2017-11-13 04:40:33,E5049A7F,11.51477,48.128681
2017-11-13 04:42:57,E5049A7F,11.514782,48.128669
2017-11-13 04:44:33,E5049A7F,11.514116,48.130792
2017-11-13 04:45:35,E5049A7F,11.513783,48.128714
2017-11-13 02:32:19,E5049A7F,11.51492,48.128479
2017-11-13 02:32:56,E5049A7F,11.514896,48.12852
2017-11-13 02:36:18,E5049A7F,11.515501,48.130491
2017-11-13 02:40:31,E5049A7F,11.514247,48.128085
2017-11-13 02:41:24,E5049A7F,11.517374,48.128703
2017-11-13 02:41:36,E5049A7F,11.513434,48.126277
2017-11-13 02:42:19,E5049A7F,11.514635,48.128803
2017-11-13 02:44:21,E5049A7F,11.518784,48.127891
2017-11-13 02:45:21,E5049A7F,11.518989,48.12844
2017-11-13 02:46:25,E5049A7F,11.514331,48.128075
2017-11-13 03:03:18,E5049A7F,11.518665,48.127372
2017-11-13 03:04:20,E5049A7F,11.514103,48.130699
2017-11-13 03:08:21,E5049A7F,11.514885,48.128539
2017-11-13 03:12:21,E5049A7F,11.517179,48.126342
2017-11-13 03:16:21,E5049A7F,11.514825,48.128612
2017-11-13 03:20:22,E5049A7F,11.514918,48.127955
2017-11-13 03:24:22,E5049A7F,11.514815,48.128629
2017-11-13 03:28:23,E5049A7F,11.51493,48.127945
2017-11-13 03:48:25,E5049A7F,11.51464,48.128769
2017-11-13 03:50:29,E5049A7F,11.514053,48.127969
2017-11-13 03:50:44,E5049A7F,11.515438,48.130949
2017-11-13 03:51:29,E5049A7F,11.514917,48.127954
2017-11-13 03:52:25,E5049A7F,11.514114,48.128669
2017-11-13 03:56:26,E5049A7F,11.518627,48.127373
2017-11-13 04:00:27,E5049A7F,11.514977,48.128153
2017-11-13 04:16:29,E5049A7F,11.518792,48.129215
2017-11-13 04:19:30,E5049A7F,11.513831,48.127993
2017-11-13 04:20:31,E5049A7F,11.513934,48.128727
2017-11-13 04:24:30,E5049A7F,11.51657,48.126086
2017-11-13 04:28:31,E5049A7F,11.515925,48.130934
2017-11-13 03:32:23,E5049A7F,11.518024,48.130231
2017-11-13 03:35:24,E5049A7F,11.514794,48.128645
2017-11-13 03:36:25,E5049A7F,11.513837,48.128284
2017-11-13 03:39:24,E5049A7F,11.515006,48.128052
2017-11-13 03:40:26,E5049A7F,11.513812,48.128275
2017-11-13 03:41:28,E5049A7F,11.514643,48.128767
2017-11-13 03:44:26,E5049A7F,11.513185,48.126361
2017-11-13 03:44:39,E5049A7F,11.513589,48.128629
2017-11-13 03:45:28,E5049A7F,11.514282,48.128132
2017-11-13 03:45:44,E5049A7F,11.514961,48.128368
2017-11-13 03:46:27,E5049A7F,11.513887,48.128277
2017-11-13 04:04:28,E5049A7F,11.514961,48.128367
2017-11-13 04:08:28,E5049A7F,11.518758,48.129045
2017-11-13 04:11:29,E5049A7F,11.518698,48.129684
2017-11-13 04:12:28,E5049A7F,11.518053,48.126932
2017-11-13 04:15:30,E5049A7F,11.514934,48.127953
2017-11-13 05:53:44,E6100F03,11.554963,48.169333
2017-11-13 04:59:44,E6100F03,11.561795,48.166883
2017-11-13 07:43:05,E70B38A4,11.763781,48.098016
2017-11-13 07:43:16,E70B38A4,11.762283,48.092205
2017-11-13 07:48:35,E70B38A4,11.762414,48.123819
2017-11-13 07:48:51,E70B38A4,11.759479,48.125069
2017-11-13 07:49:28,E70B38A4,11.753484,48.122451
2017-11-13 07:57:57,E70B38A4,11.758546,48.141568
2017-11-13 07:58:35,E70B38A4,11.757281,48.138046
2017-11-13 08:01:45,E70B38A4,11.756579,48.147104
2017-11-13 08:04:31,E70B38A4,11.748446,48.147152
2017-11-13 08:04:49,E70B38A4,11.752497,48.152303
2017-11-13 08:05:10,E70B38A4,11.754623,48.155407
2017-11-13 08:05:55,E70B38A4,11.751765,48.155892
2017-11-13 08:08:52,E70B38A4,11.739263,48.163498
2017-11-13 08:11:09,E70B38A4,11.7351,48.165723
2017-11-13 11:37:24,E80D6914,11.579558,48.147704
2017-11-13 10:46:57,E88D3A0D,11.622672,48.131515
2017-11-13 10:47:12,E88D3A0D,11.623558,48.131456
2017-11-13 10:47:45,E88D3A0D,11.623501,48.13135
2017-11-13 10:49:02,E88D3A0D,11.622723,48.131282
2017-11-13 10:49:50,E88D3A0D,11.622731,48.131272
2017-11-13 10:51:20,E88D3A0D,11.622634,48.131483
2017-11-13 10:52:31,E88D3A0D,11.623507,48.131306
2017-11-13 10:53:03,E88D3A0D,11.622741,48.131214
2017-11-13 10:53:36,E88D3A0D,11.623269,48.131759
2017-11-13 10:54:46,E88D3A0D,11.622742,48.131273
2017-11-13 10:55:49,E88D3A0D,11.622661,48.131549
2017-11-13 10:56:01,E88D3A0D,11.623306,48.131769
2017-11-13 10:56:24,E88D3A0D,11.622883,48.131392
2017-11-13 10:57:11,E88D3A0D,11.622268,48.131325
2017-11-13 10:57:42,E88D3A0D,11.623205,48.131816
2017-11-13 11:17:24,E88D3A0D,11.623171,48.131887
2017-11-13 11:17:40,E88D3A0D,11.623198,48.131821
2017-11-13 11:17:56,E88D3A0D,11.622584,48.131535
2017-11-13 11:23:58,E88D3A0D,11.622439,48.131702
2017-11-13 11:40:48,E88D3A0D,11.623262,48.131853
2017-11-13 11:41:30,E88D3A0D,11.622128,48.131346
2017-11-13 11:42:20,E88D3A0D,11.622735,48.131279
2017-11-13 11:45:33,E88D3A0D,11.622766,48.131258
2017-11-13 12:04:19,E88D3A0D,11.62273,48.131293
2017-11-13 13:25:20,E8923F6A,11.595787,48.128082
2017-11-13 09:12:35,E9067555,11.562424,48.141568
2017-11-13 09:12:47,E9067555,11.563527,48.144433
2017-11-13 17:17:49,EB0C64B0,11.719347,48.073162
2017-11-13 17:18:10,EB0C64B0,11.707925,48.068858
2017-11-13 17:19:06,EB0C64B0,11.698771,48.05689
2017-11-13 17:19:58,EB0C64B0,11.69333,48.047087
2017-11-13 17:20:53,EB0C64B0,11.665697,48.029074
2017-11-13 17:21:21,EB0C64B0,11.656771,48.024779
2017-11-13 17:21:48,EB0C64B0,11.645718,48.026236
2017-11-13 17:22:04,EB0C64B0,11.630053,48.033661
2017-11-13 17:23:48,EB0C64B0,11.595813,48.049396
2017-11-13 17:24:15,EB0C64B0,11.591788,48.053531
2017-11-13 17:24:26,EB0C64B0,11.595488,48.052039
2017-11-13 17:25:48,EB0C64B0,11.594466,48.077566
2017-11-13 17:26:56,EB0C64B0,11.589061,48.095266
2017-11-13 17:27:10,EB0C64B0,11.588071,48.095207
2017-11-13 17:27:55,EB0C64B0,11.584433,48.102268
2017-11-13 17:10:00,EB0EF2D4,11.565834,48.160263
2017-11-13 17:10:51,EB0EF2D4,11.565327,48.161674
2017-11-13 08:18:27,EE00183F,11.60564,48.186513
2017-11-13 08:19:44,EE00183F,11.603658,48.183526
2017-11-13 08:47:49,EF0E37A5,11.583607,48.152371
2017-11-13 08:48:10,EF0E37A5,11.579803,48.14958
2017-11-13 08:48:41,EF0E37A5,11.581601,48.152413
2017-11-13 08:49:19,EF0E37A5,11.580585,48.155228
2017-11-13 08:50:04,EF0E37A5,11.585061,48.152245
2017-11-13 08:50:25,EF0E37A5,11.582471,48.152964
2017-11-13 08:50:39,EF0E37A5,11.58067,48.152743
2017-11-13 08:51:15,EF0E37A5,11.58105,48.151519
2017-11-13 08:51:59,EF0E37A5,11.581693,48.153643
2017-11-13 08:52:56,EF0E37A5,11.583877,48.154986
2017-11-13 08:53:11,EF0E37A5,11.583681,48.15474
2017-11-13 08:53:41,EF0E37A5,11.58457,48.155224
2017-11-13 08:54:00,EF0E37A5,11.584568,48.155278
2017-11-13 08:56:25,EF0E37A5,11.586615,48.156307
2017-11-13 08:56:40,EF0E37A5,11.582758,48.156235
2017-11-13 08:57:38,EF0E37A5,11.58563,48.155011
2017-11-13 08:58:01,EF0E37A5,11.584791,48.155328
2017-11-13 08:58:16,EF0E37A5,11.584481,48.155385
2017-11-13 08:59:31,EF0E37A5,11.585093,48.155454
2017-11-13 09:00:08,EF0E37A5,11.582615,48.154978
2017-11-13 09:00:30,EF0E37A5,11.584741,48.155369
2017-11-13 09:00:45,EF0E37A5,11.583097,48.154421
2017-11-13 09:01:29,EF0E37A5,11.585469,48.155269
2017-11-13 08:33:44,EF0E37A5,11.583487,48.155824
2017-11-13 08:34:59,EF0E37A5,11.583541,48.155824
2017-11-13 08:37:44,EF0E37A5,11.583602,48.155936
2017-11-13 08:38:21,EF0E37A5,11.58083,48.152055
2017-11-13 08:41:34,EF0E37A5,11.582051,48.1505
2017-11-13 08:41:52,EF0E37A5,11.584719,48.148722
2017-11-13 08:42:12,EF0E37A5,11.584976,48.152148
2017-11-13 08:43:42,EF0E37A5,11.578202,48.150042
2017-11-13 08:45:34,EF0E37A5,11.577314,48.151595
2017-11-13 09:01:53,EF0E37A5,11.582855,48.154173
2017-11-13 08:27:33,EF0E37A5,11.576306,48.136315
2017-11-13 08:28:54,EF0E37A5,11.575804,48.137193
2017-11-13 08:31:31,EF0E37A5,11.577872,48.142549
2017-11-13 08:31:50,EF0E37A5,11.577727,48.142411
2017-11-13 20:05:42,F0084C91,11.592593,48.173667
2017-11-13 20:08:33,F0084C91,11.597872,48.175686
2017-11-13 20:09:07,F0084C91,11.597897,48.174194
2017-11-13 20:09:48,F0084C91,11.598009,48.176242
2017-11-13 20:10:04,F0084C91,11.593537,48.172842
2017-11-13 20:10:36,F0084C91,11.593703,48.172638
2017-11-13 20:11:10,F0084C91,11.597423,48.175064
2017-11-13 20:15:31,F0084C91,11.598052,48.173003
2017-11-13 20:15:55,F0084C91,11.593382,48.17707
2017-11-13 20:17:33,F0084C91,11.598559,48.175284
2017-11-13 20:21:02,F0084C91,11.597414,48.175998
2017-11-13 20:26:00,F0084C91,11.593786,48.176784
2017-11-13 20:45:10,F0084C91,11.595994,48.1727
2017-11-13 20:48:12,F0084C91,11.592447,48.176128
2017-11-13 20:50:23,F0084C91,11.593249,48.172922
2017-11-13 20:56:07,F0084C91,11.597335,48.175386
2017-11-13 20:57:36,F0084C91,11.592373,48.173695
2017-11-13 21:01:07,F0084C91,11.592039,48.174022
2017-11-13 21:05:43,F0084C91,11.591989,48.174244
2017-11-13 21:10:52,F0084C91,11.597631,48.173606
2017-11-13 20:31:08,F0084C91,11.597878,48.173488
2017-11-13 20:35:15,F0084C91,11.596524,48.172849
2017-11-13 20:40:53,F0084C91,11.597044,48.175797
2017-11-13 21:15:13,F0084C91,11.596785,48.176603
2017-11-13 21:21:04,F0084C91,11.596993,48.173667
2017-11-13 21:25:24,F0084C91,11.596367,48.176938
2017-11-13 21:25:59,F0084C91,11.593318,48.173317
2017-11-13 21:26:30,F0084C91,11.595147,48.172582
2017-11-13 16:22:07,F0974114,11.539099,48.164841
2017-11-13 16:22:45,F0974114,11.538604,48.164881
2017-11-13 16:22:58,F0974114,11.540383,48.163734
2017-11-13 16:23:28,F0974114,11.539037,48.164089
2017-11-13 16:23:58,F0974114,11.535046,48.163435
2017-11-13 16:24:21,F0974114,11.537383,48.165962
2017-11-13 16:25:01,F0974114,11.535456,48.163201
2017-11-13 16:25:35,F0974114,11.540836,48.165036
2017-11-13 16:25:50,F0974114,11.537489,48.161077
2017-11-13 16:26:59,F0974114,11.540113,48.1633
2017-11-13 16:27:51,F0974114,11.539431,48.166223
2017-11-13 16:28:03,F0974114,11.538596,48.164941
2017-11-13 16:29:42,F0974114,11.541213,48.164101
2017-11-13 16:34:57,F0974114,11.540316,48.162867
2017-11-13 16:35:56,F0974114,11.539211,48.165815
2017-11-13 16:44:36,F0974114,11.539333,48.162067
2017-11-13 16:45:39,F0974114,11.537817,48.161053
2017-11-13 16:50:11,F0974114,11.539173,48.165699
2017-11-13 16:53:11,F0974114,11.538669,48.161213
2017-11-13 16:57:58,F0974114,11.539315,48.161912
2017-11-13 16:59:35,F0974114,11.540474,48.164817
2017-11-13 17:00:19,F0974114,11.537434,48.160968
2017-11-13 17:01:15,F0974114,11.536634,48.165265
2017-11-13 17:04:19,F0974114,11.535729,48.164297
2017-11-13 17:05:16,F0974114,11.541067,48.162887
2017-11-13 17:05:27,F0974114,11.537912,48.161621
2017-11-13 17:07:25,F0974114,11.539841,48.162367
2017-11-13 17:25:46,F0974114,11.541413,48.164059
2017-11-13 17:28:17,F0974114,11.538557,48.165998
2017-11-13 17:37:59,F0974114,11.536822,48.161937
2017-11-13 17:49:20,F0974114,11.535374,48.161965
2017-11-13 17:49:55,F0974114,11.536309,48.164306
2017-11-13 17:50:17,F0974114,11.540536,48.165147
2017-11-13 17:53:49,F0974114,11.540453,48.165339
2017-11-13 17:54:05,F0974114,11.535093,48.162632
2017-11-13 17:54:47,F0974114,11.534072,48.163041
2017-11-13 17:55:04,F0974114,11.534399,48.162743
2017-11-13 17:56:59,F0974114,11.540039,48.163095
2017-11-13 17:57:44,F0974114,11.539828,48.163809
2017-11-13 17:57:59,F0974114,11.53762,48.165024
2017-11-13 17:58:13,F0974114,11.539015,48.164862
2017-11-13 17:59:03,F0974114,11.537887,48.161639
2017-11-13 18:00:07,F0974114,11.535608,48.162935
2017-11-13 18:01:11,F0974114,11.538502,48.165824
2017-11-13 18:39:04,F0974114,11.539218,48.163984
2017-11-13 18:39:16,F0974114,11.539152,48.164169
2017-11-13 18:39:37,F0974114,11.538233,48.164029
2017-11-13 18:41:30,F0974114,11.538224,48.164495
2017-11-13 18:41:51,F0974114,11.53824,48.164075
2017-11-13 18:43:17,F0974114,11.538812,48.164785
2017-11-13 07:54:14,F09805AB,11.590707,48.193086
2017-11-13 07:55:12,F09805AB,11.591033,48.192689
2017-11-13 04:05:14,F09805AB,11.643559,48.163886
2017-11-13 08:44:02,F11AA36A,11.570336,48.126857
2017-11-13 08:44:13,F11AA36A,11.569451,48.127346
2017-11-13 08:44:52,F11AA36A,11.572926,48.12671
2017-11-13 08:45:26,F11AA36A,11.568889,48.12803
2017-11-13 08:48:48,F11AA36A,11.569965,48.1268
2017-11-13 08:49:27,F11AA36A,11.569847,48.126914
2017-11-13 08:49:40,F11AA36A,11.569851,48.126649
2017-11-13 08:49:51,F11AA36A,11.568822,48.128087
2017-11-13 09:58:52,F38E5B39,11.516379,48.189706
2017-11-13 10:01:33,F38E5B39,11.538463,48.206867
2017-11-13 10:02:09,F38E5B39,11.54075,48.210872
2017-11-13 10:02:50,F38E5B39,11.537121,48.211253
2017-11-13 10:03:40,F38E5B39,11.54199,48.226182
2017-11-13 05:39:15,F4950A57,11.512688,48.035308
2017-11-13 04:45:14,F4950A57,11.516937,48.029239
2017-11-13 12:53:39,F70FB338,11.484706,48.196235
2017-11-13 03:39:15,F815CBA0,11.641855,48.189262
2017-11-13 00:06:09,F905B5FA,11.668704,48.133305
2017-11-13 00:07:25,F905B5FA,11.66953,48.132705
2017-11-13 00:07:43,F905B5FA,11.668853,48.133246
2017-11-13 00:08:16,F905B5FA,11.668795,48.133246
2017-11-13 00:10:11,F905B5FA,11.668845,48.13321
2017-11-13 00:11:55,F905B5FA,11.669543,48.133464
2017-11-13 00:19:18,F905B5FA,11.669534,48.133451
2017-11-13 00:23:42,F905B5FA,11.668989,48.133115
2017-11-13 00:23:56,F905B5FA,11.668878,48.133163
2017-11-13 00:24:28,F905B5FA,11.668904,48.13315
2017-11-13 00:24:40,F905B5FA,11.668755,48.133212
2017-11-13 00:29:20,F905B5FA,11.668904,48.13315
2017-11-13 01:06:45,F905B5FA,11.66892,48.133146
2017-11-13 01:12:16,F905B5FA,11.668838,48.133195
2017-11-13 01:12:32,F905B5FA,11.668976,48.133112
2017-11-13 01:13:04,F905B5FA,11.668859,48.133162
2017-11-13 00:49:46,F905B5FA,11.669288,48.133572
2017-11-13 00:56:04,F905B5FA,11.668909,48.133154
2017-11-13 00:56:20,F905B5FA,11.668878,48.133154
2017-11-13 00:56:52,F905B5FA,11.669095,48.133048
2017-11-13 00:39:52,F905B5FA,11.669002,48.133113
2017-11-13 00:40:08,F905B5FA,11.668863,48.133188
2017-11-13 00:40:40,F905B5FA,11.668752,48.133252
2017-11-13 01:16:21,F905B5FA,11.66887,48.133168
2017-11-13 01:24:21,F905B5FA,11.668864,48.133156
2017-11-13 01:28:28,F905B5FA,11.668899,48.133161
2017-11-13 01:28:44,F905B5FA,11.668816,48.133209
2017-11-13 01:29:16,F905B5FA,11.66883,48.133162
2017-11-13 01:34:23,F905B5FA,11.6688,48.133197
2017-11-13 01:44:40,F905B5FA,11.668948,48.133155
2017-11-13 01:44:56,F905B5FA,11.6688,48.133197
2017-11-13 01:45:28,F905B5FA,11.669026,48.133112
2017-11-13 02:01:39,F905B5FA,11.669011,48.133108
2017-11-13 02:08:39,F905B5FA,11.668933,48.133175
2017-11-13 02:14:08,F905B5FA,11.66887,48.133168
2017-11-13 01:54:23,F905B5FA,11.668943,48.133142
2017-11-13 01:58:31,F905B5FA,11.669548,48.133444
2017-11-13 02:00:51,F905B5FA,11.668921,48.133155
2017-11-13 02:01:07,F905B5FA,11.669571,48.133447
2017-11-13 02:17:02,F905B5FA,11.669011,48.133108
2017-11-13 02:17:18,F905B5FA,11.669005,48.133119
2017-11-13 02:17:50,F905B5FA,11.66887,48.133168
2017-11-13 02:19:40,F905B5FA,11.668955,48.133127
2017-11-13 02:29:42,F905B5FA,11.668812,48.133201
2017-11-13 02:33:14,F905B5FA,11.668915,48.133159
2017-11-13 02:33:30,F905B5FA,11.66883,48.1332
2017-11-13 02:34:02,F905B5FA,11.668912,48.133152
2017-11-13 02:42:03,F905B5FA,11.668854,48.133185
2017-11-13 02:49:25,F905B5FA,11.669346,48.133554
2017-11-13 02:49:41,F905B5FA,11.668813,48.133208
2017-11-13 02:49:58,F905B5FA,11.668824,48.133216
2017-11-13 02:50:13,F905B5FA,11.669004,48.133109
2017-11-13 02:56:17,F905B5FA,11.668905,48.133166
2017-11-13 20:14:09,F90F8FD0,11.708097,48.112222
2017-11-13 20:14:24,F90F8FD0,11.71329,48.111199
2017-11-13 20:15:09,F90F8FD0,11.713032,48.113331
2017-11-13 20:15:38,F90F8FD0,11.711842,48.11316
2017-11-13 20:15:57,F90F8FD0,11.711865,48.113157
2017-11-13 20:16:16,F90F8FD0,11.711851,48.112919
2017-11-13 20:16:32,F90F8FD0,11.71252,48.113289
2017-11-13 20:17:00,F90F8FD0,11.711856,48.113715
2017-11-13 16:55:23,FA060F50,11.584493,48.094645
2017-11-13 18:27:16,FA800CF9,11.646584,48.109375
2017-11-13 23:32:25,FB129FAB,11.622274,48.076055
2017-11-13 23:33:00,FB129FAB,11.619376,48.072869
2017-11-13 23:33:33,FB129FAB,11.624166,48.077142
2017-11-13 23:34:56,FB129FAB,11.62208,48.07597
2017-11-13 23:39:02,FB129FAB,11.625057,48.077442
2017-11-13 23:49:16,FB129FAB,11.625057,48.077442
2017-11-13 18:20:01,FF906565,11.646669,48.109046
2017-11-13 18:21:37,FF906565,11.64656,48.109031
2017-11-13 18:23:30,FF906565,11.646736,48.108788
2017-11-13 18:23:59,FF906565,11.646467,48.108993
